id,first_name,last_name,email,gender,ip_address,job_role
1,Zara,Schoular,zschoular0@yahoo.com,Female,102.26.216.180,Design Engineer
2,Matilda,Conkay,mconkay1@engadget.com,Female,138.3.233.235,Systems Administrator II
3,Jasmina,Mutlow,jmutlow2@toplist.cz,Female,170.59.24.149,Clinical Specialist
4,Shaine,Avrahamian,savrahamian3@opera.com,Female,96.71.67.195,Nuclear Power Engineer
5,Herrick,Kensitt,hkensitt4@google.it,Male,76.125.23.49,Environmental Tech
6,Ricardo,Larmett,rlarmett5@hugedomains.com,Male,247.7.243.95,Geologist III
7,Ronny,Meehan,rmeehan6@reuters.com,Female,195.195.194.136,Database Administrator III
8,Eulalie,Harmstone,eharmstone7@soup.io,Female,58.75.171.107,Accounting Assistant IV
9,Allan,Duddy,aduddy8@devhub.com,Male,14.157.75.161,Staff Accountant II
10,Munmro,Burdis,mburdis9@loc.gov,Male,182.175.79.130,Research Assistant I
11,Beltran,Skayman,bskaymana@narod.ru,Male,154.163.245.94,Staff Accountant II
12,Balduin,Antonovic,bantonovicb@mapquest.com,Bigender,109.63.47.148,Recruiting Manager
13,Rubie,MacMaykin,rmacmaykinc@admin.ch,Female,27.4.61.67,Software Test Engineer I
14,Sargent,Gretton,sgrettond@hostgator.com,Male,60.129.92.85,Statistician IV
15,Latrina,Geraldi,lgeraldie@miibeian.gov.cn,Female,247.233.107.110,Marketing Manager
16,Nial,Crinage,ncrinagef@ftc.gov,Male,81.189.49.242,Account Coordinator
17,Cheston,Chaize,cchaizeg@multiply.com,Male,36.92.74.91,Marketing Assistant
18,Colly,Norcock,cnorcockh@vk.com,Female,179.190.255.97,Staff Accountant I
19,Cecilia,Barkway,cbarkwayi@timesonline.co.uk,Bigender,221.123.143.77,VP Product Management
20,Olimpia,Shurman,oshurmanj@house.gov,Female,214.195.198.203,Automation Specialist II
21,Angela,O'Cahill,aocahillk@upenn.edu,Female,250.4.176.82,Analyst Programmer
22,Arman,Reuther,areutherl@pbs.org,Male,111.35.191.12,Biostatistician I
23,Pansie,Saiger,psaigerm@examiner.com,Female,235.121.11.113,Community Outreach Specialist
24,Inglebert,Paulucci,ipauluccin@hugedomains.com,Male,186.123.45.108,Chief Design Engineer
25,Latrina,Hopfer,lhopfero@who.int,Female,235.150.218.156,Community Outreach Specialist
26,Maxy,Prott,mprottp@businessinsider.com,Male,17.183.142.78,Programmer Analyst II
27,Shea,McIlvoray,smcilvorayq@canalblog.com,Female,66.201.37.85,VP Quality Control
28,Devan,Cicero,dciceror@eventbrite.com,Female,153.195.24.32,Technical Writer
29,Lauri,Morstatt,lmorstatts@1und1.de,Female,95.213.213.229,Web Designer III
30,Kevina,Warwick,kwarwickt@ibm.com,Female,213.155.160.114,Administrative Officer
31,Tally,De Cruce,tdecruceu@wsj.com,Male,42.46.111.201,Paralegal
32,Ketti,Jiles,kjilesv@joomla.org,Female,178.109.185.86,Design Engineer
33,Drew,Penfold,dpenfoldw@pbs.org,Male,244.67.73.44,Biostatistician I
34,Flory,Blackbourn,fblackbournx@sbwire.com,Female,14.63.127.39,Professor
35,Nickolai,Tallboy,ntallboyy@desdev.cn,Male,128.120.43.78,Software Engineer III
36,Justis,Biskupek,jbiskupekz@liveinternet.ru,Male,161.63.143.28,Paralegal
37,Isis,Dring,idring10@mozilla.org,Female,187.83.116.1,Analyst Programmer
38,Ronnie,Khoter,rkhoter11@usa.gov,Female,126.33.135.166,Director of Sales
39,Frants,Prene,fprene12@state.tx.us,Male,231.35.166.230,Budget/Accounting Analyst IV
40,Ashton,Bowmen,abowmen13@usatoday.com,Agender,105.242.59.112,Environmental Tech
41,Fredra,MacAskill,fmacaskill14@ft.com,Female,139.142.15.150,Office Assistant III
42,Rycca,Dunnett,rdunnett15@imgur.com,Female,119.40.79.119,Research Associate
43,Barbara-anne,Andric,bandric16@blogtalkradio.com,Female,231.176.188.68,Developer II
44,Nahum,Theseira,ntheseira17@imageshack.us,Male,172.87.153.161,Chemical Engineer
45,Ravi,Gaisford,rgaisford18@theglobeandmail.com,Male,199.238.20.120,Community Outreach Specialist
46,Trueman,Swede,tswede19@usatoday.com,Genderqueer,64.239.74.192,Research Nurse
47,Demetris,Loreit,dloreit1a@pagesperso-orange.fr,Male,33.129.25.255,Research Nurse
48,Kelila,Biddles,kbiddles1b@reddit.com,Female,191.158.132.177,Marketing Manager
49,Boniface,Doxsey,bdoxsey1c@ehow.com,Male,80.144.95.220,Computer Systems Analyst III
50,Neal,Elvy,nelvy1d@nba.com,Male,30.42.168.15,Technical Writer
51,Mayne,Doley,mdoley1e@jugem.jp,Genderfluid,252.190.4.22,Research Associate
52,Valaria,Rathborne,vrathborne1f@seesaa.net,Female,32.27.47.9,Human Resources Manager
53,Johnnie,Bleeze,jbleeze1g@loc.gov,Male,90.234.236.199,Senior Editor
54,Richmond,Figgins,rfiggins1h@cbsnews.com,Male,142.23.65.212,Social Worker
55,Abbey,Sparhawk,asparhawk1i@typepad.com,Female,46.9.27.37,Internal Auditor
56,Karylin,Kimbling,kkimbling1j@mapquest.com,Female,80.87.109.19,Chief Design Engineer
57,Vincenz,MacIver,vmaciver1k@paginegialle.it,Male,113.152.198.23,GIS Technical Architect
58,Brittaney,Coppen,bcoppen1l@blogspot.com,Female,96.106.92.65,Senior Quality Engineer
59,Dedra,Organer,dorganer1m@chron.com,Female,81.82.242.66,Accountant III
60,Niles,Jantel,njantel1n@angelfire.com,Male,83.195.6.157,Research Associate
61,Jammal,McBeth,jmcbeth1o@cdbaby.com,Male,114.112.154.95,Clinical Specialist
62,Else,Holt,eholt1p@scribd.com,Female,251.63.45.129,Developer II
63,Robbin,Bardsley,rbardsley1q@examiner.com,Female,132.65.60.10,Librarian
64,Stephanie,Gilbard,sgilbard1r@xinhuanet.com,Genderqueer,31.35.116.24,Paralegal
65,Aubrey,Menendez,amenendez1s@last.fm,Female,4.164.87.178,Research Nurse
66,Shermy,Phillcox,sphillcox1t@diigo.com,Male,100.156.41.162,Media Manager I
67,Caesar,Momery,cmomery1u@edublogs.org,Male,165.189.173.223,Legal Assistant
68,Eddy,Tatham,etatham1v@goo.ne.jp,Male,163.125.254.28,Speech Pathologist
69,Vikky,Volet,vvolet1w@sogou.com,Female,235.71.108.9,Systems Administrator II
70,Al,Skotcher,askotcher1x@delicious.com,Male,206.209.207.147,Speech Pathologist
71,Neila,Arnull,narnull1y@pen.io,Female,94.48.82.242,Assistant Manager
72,Viole,Paull,vpaull1z@guardian.co.uk,Female,149.161.228.250,Statistician I
73,Ignazio,Castelluzzi,icastelluzzi20@vkontakte.ru,Male,139.63.178.224,Engineer IV
74,Abbe,Broadstock,abroadstock21@zimbio.com,Female,187.226.65.100,VP Accounting
75,Killie,Patey,kpatey22@businesswire.com,Male,121.241.196.234,Nuclear Power Engineer
76,Tammie,Blincko,tblincko23@pinterest.com,Female,18.32.251.219,Food Chemist
77,Foss,Avesque,favesque24@vistaprint.com,Male,31.11.46.74,Director of Sales
78,Sascha,Weich,sweich25@tripod.com,Female,167.107.243.57,Cost Accountant
79,Jonathan,Scurrey,jscurrey26@1und1.de,Male,79.13.249.107,Web Designer I
80,Gustav,Galbraith,ggalbraith27@facebook.com,Male,206.226.133.59,Human Resources Assistant I
81,Goldi,Ezzle,gezzle28@businessweek.com,Female,110.40.20.0,Web Designer II
82,Arv,Burden,aburden29@ehow.com,Male,9.116.122.106,Database Administrator III
83,Boony,Lyver,blyver2a@squidoo.com,Male,213.102.75.170,Engineer IV
84,Clarisse,Bartolozzi,cbartolozzi2b@stumbleupon.com,Female,232.206.118.255,Director of Sales
85,Stephine,Commins,scommins2c@who.int,Female,5.74.225.116,Senior Financial Analyst
86,Kippar,Chisnell,kchisnell2d@tripadvisor.com,Male,79.140.221.161,Nurse Practicioner
87,Korney,Beetham,kbeetham2e@mapy.cz,Female,124.230.196.90,Editor
88,Aliza,Bedin,abedin2f@ehow.com,Female,198.61.235.229,Biostatistician IV
89,Roma,Undrill,rundrill2g@chicagotribune.com,Male,212.9.133.89,Structural Engineer
90,Andra,Graveson,agraveson2h@wordpress.org,Female,232.112.248.248,Civil Engineer
91,Kathy,Curling,kcurling2i@arizona.edu,Bigender,67.69.126.235,Staff Accountant I
92,Eugen,Felgat,efelgat2j@wix.com,Male,196.144.250.242,Food Chemist
93,Myrtia,McVane,mmcvane2k@prweb.com,Female,110.208.60.179,Business Systems Development Analyst
94,Jarrett,Kenwyn,jkenwyn2l@uiuc.edu,Male,92.137.25.189,Software Test Engineer II
95,Blanch,Gaythorpe,bgaythorpe2m@archive.org,Female,202.190.25.20,Nurse
96,Elsie,Holsey,eholsey2n@patch.com,Female,31.154.252.60,Database Administrator IV
97,Gaylord,Kleiser,gkleiser2o@arstechnica.com,Male,161.234.152.101,Compensation Analyst
98,Teresina,Skydall,tskydall2p@blinklist.com,Female,229.80.209.10,VP Accounting
99,Jobey,Dennerley,jdennerley2q@nba.com,Female,82.156.203.247,Web Designer III
100,Baryram,Rodgers,brodgers2r@virginia.edu,Male,154.222.40.74,Speech Pathologist
101,Eba,Storrs,estorrs2s@google.cn,Female,176.171.134.230,Legal Assistant
102,Melinda,Bundy,mbundy2t@wikipedia.org,Female,187.181.152.81,Automation Specialist III
103,Bobbie,Stollsteimer,bstollsteimer2u@prnewswire.com,Female,12.161.193.79,Geological Engineer
104,Lamond,Eyton,leyton2v@latimes.com,Male,140.77.190.230,Project Manager
105,Larine,Eastridge,leastridge2w@samsung.com,Female,130.196.231.139,Senior Editor
106,Claiborn,Cherry,ccherry2x@g.co,Male,89.207.222.117,Professor
107,Barny,Dymott,bdymott2y@patch.com,Male,249.66.212.81,Web Developer II
108,Evangelia,Blazek,eblazek2z@pcworld.com,Female,240.78.28.15,Marketing Manager
109,Guendolen,Tomblin,gtomblin30@forbes.com,Female,5.207.59.85,Human Resources Manager
110,Wells,Stead,wstead31@topsy.com,Male,94.97.117.223,Nurse
111,Thain,Heustice,theustice32@state.gov,Male,167.122.239.149,Environmental Tech
112,Clifford,Lembke,clembke33@reuters.com,Male,231.5.75.23,Research Associate
113,Jdavie,Fludder,jfludder34@japanpost.jp,Genderfluid,136.34.181.137,Recruiting Manager
114,Frank,Bletsoe,fbletsoe35@sakura.ne.jp,Male,204.161.199.151,Media Manager IV
115,Emilio,Restill,erestill36@answers.com,Male,102.30.73.204,General Manager
116,Nonie,Fleetham,nfleetham37@forbes.com,Female,17.117.220.216,Systems Administrator III
117,Janina,Loeber,jloeber38@guardian.co.uk,Female,63.216.84.41,Automation Specialist II
118,Vern,Trott,vtrott39@reverbnation.com,Male,199.229.77.12,Account Executive
119,Lari,Greste,lgreste3a@gnu.org,Female,6.129.31.211,Electrical Engineer
120,Stanford,Antonognoli,santonognoli3b@discovery.com,Male,36.39.36.158,Compensation Analyst
121,Yuma,Rixon,yrixon3c@engadget.com,Male,2.245.227.35,Recruiter
122,Terese,Babin,tbabin3d@statcounter.com,Female,133.53.106.47,Project Manager
123,Latia,Belson,lbelson3e@nature.com,Non-binary,71.64.34.76,Nurse
124,Sven,Goman,sgoman3f@phpbb.com,Male,141.125.189.3,Software Consultant
125,Delano,Peddersen,dpeddersen3g@imageshack.us,Male,113.188.106.67,Quality Engineer
126,Layton,Delcastel,ldelcastel3h@1688.com,Male,190.17.112.83,Speech Pathologist
127,Ty,Ybarra,tybarra3i@nbcnews.com,Polygender,191.98.18.229,Business Systems Development Analyst
128,Brietta,Dunkinson,bdunkinson3j@nps.gov,Female,183.244.245.91,Help Desk Technician
129,Ricky,Caldero,rcaldero3k@xing.com,Female,54.84.100.202,Payment Adjustment Coordinator
130,Luelle,Dillow,ldillow3l@dedecms.com,Female,136.7.82.19,Systems Administrator IV
131,Osbert,Lovegrove,olovegrove3m@angelfire.com,Male,74.222.142.204,Geologist III
132,Cullan,Scourgie,cscourgie3n@clickbank.net,Male,93.105.43.101,Design Engineer
133,Lusa,Facey,lfacey3o@oakley.com,Female,22.46.93.235,Research Associate
134,Cariotta,De la Yglesia,cdelayglesia3p@usda.gov,Female,249.228.243.68,Human Resources Manager
135,Carlynne,Spanswick,cspanswick3q@marketwatch.com,Female,103.109.79.146,Data Coordinator
136,Naomi,Cater,ncater3r@xinhuanet.com,Female,170.20.54.82,Programmer III
137,Kate,Twydell,ktwydell3s@jimdo.com,Female,23.118.60.22,Computer Systems Analyst III
138,Lib,Hanscom,lhanscom3t@google.com.au,Female,182.187.247.24,Structural Analysis Engineer
139,Morse,Elgee,melgee3u@google.pl,Male,81.101.251.34,Data Coordinator
140,Brigid,Vacher,bvacher3v@ifeng.com,Female,113.49.246.220,Senior Financial Analyst
141,Archaimbaud,Ellerey,aellerey3w@123-reg.co.uk,Male,177.39.3.52,Graphic Designer
142,Jelene,Cobby,jcobby3x@vimeo.com,Female,196.96.8.121,Desktop Support Technician
143,Rickie,Banton,rbanton3y@nationalgeographic.com,Male,83.11.55.30,Financial Advisor
144,Marabel,Richarz,mricharz3z@hud.gov,Non-binary,78.127.204.46,Desktop Support Technician
145,Gerardo,Crosgrove,gcrosgrove40@un.org,Genderfluid,197.47.72.98,Staff Accountant IV
146,Etheline,Lethcoe,elethcoe41@soup.io,Female,151.124.234.238,Technical Writer
147,Welbie,Kinvig,wkinvig42@ebay.com,Male,0.166.106.75,Programmer III
148,Cristin,Maddock,cmaddock43@about.me,Female,35.35.199.226,Recruiting Manager
149,Sianna,Olenov,solenov44@kickstarter.com,Female,252.178.217.189,Physical Therapy Assistant
150,Inesita,Gavey,igavey45@biblegateway.com,Female,131.247.196.154,Help Desk Operator
151,Lorie,Fromont,lfromont46@pbs.org,Female,95.74.40.136,Community Outreach Specialist
152,Torin,Merrett,tmerrett47@nhs.uk,Male,163.178.7.83,Chemical Engineer
153,Rora,Meachan,rmeachan48@qq.com,Female,148.252.130.153,Media Manager III
154,Noll,MacCambridge,nmaccambridge49@icio.us,Male,1.8.163.86,Professor
155,Annabella,Matfield,amatfield4a@jigsy.com,Female,167.61.54.102,Account Representative I
156,Onofredo,Hinks,ohinks4b@ucoz.ru,Male,243.89.232.61,Senior Quality Engineer
157,Theadora,Carnihan,tcarnihan4c@google.ru,Female,64.177.104.88,Software Consultant
158,Perry,Scandwright,pscandwright4d@globo.com,Female,11.150.92.158,Desktop Support Technician
159,Isiahi,Worstall,iworstall4e@vk.com,Male,41.249.187.8,Executive Secretary
160,Stavro,Schaben,sschaben4f@hatena.ne.jp,Male,87.45.127.39,Community Outreach Specialist
161,Tobey,Dumini,tdumini4g@huffingtonpost.com,Female,209.12.128.38,Occupational Therapist
162,Elias,Osman,eosman4h@ucoz.com,Male,188.201.90.87,Programmer IV
163,Lombard,Lghan,llghan4i@blinklist.com,Male,187.95.90.38,Systems Administrator IV
164,Martin,Purveys,mpurveys4j@squarespace.com,Male,133.252.134.165,Programmer I
165,Sancho,Lecount,slecount4k@canalblog.com,Male,107.137.96.14,Administrative Assistant III
166,Debra,Bielfeld,dbielfeld4l@redcross.org,Female,203.11.185.114,Help Desk Operator
167,Kelvin,Stutt,kstutt4m@scientificamerican.com,Male,167.113.102.131,Marketing Manager
168,Annissa,Whitesel,awhitesel4n@twitpic.com,Genderfluid,64.167.70.85,Technical Writer
169,Dee dee,Cudworth,dcudworth4o@taobao.com,Female,134.167.40.127,Research Assistant II
170,Gustavo,Bauchop,gbauchop4p@ucoz.com,Male,234.208.140.38,Systems Administrator II
171,Blancha,Ferries,bferries4q@paginegialle.it,Female,46.195.234.193,Recruiter
172,Deny,Denzey,ddenzey4r@constantcontact.com,Agender,80.146.18.51,Health Coach III
173,Carla,Scourge,cscourge4s@about.com,Female,22.178.161.89,Research Assistant III
174,Elisha,Mounch,emounch4t@fda.gov,Female,164.108.247.170,Human Resources Manager
175,Nappie,Phidgin,nphidgin4u@wisc.edu,Male,179.174.11.112,Account Executive
176,Laetitia,Lewer,llewer4v@loc.gov,Female,134.75.192.146,Account Coordinator
177,Simonette,Yalden,syalden4w@artisteer.com,Female,177.117.6.155,Statistician II
178,Diann,Ambage,dambage4x@webs.com,Female,24.98.48.84,Structural Engineer
179,Chic,Kruschev,ckruschev4y@yelp.com,Male,105.129.255.186,Physical Therapy Assistant
180,Tobias,Jirak,tjirak4z@jimdo.com,Male,122.10.74.101,Social Worker
181,Alasdair,Cardinal,acardinal50@163.com,Male,151.49.168.214,Budget/Accounting Analyst III
182,Teresita,Shakelade,tshakelade51@unesco.org,Genderfluid,23.121.221.18,Physical Therapy Assistant
183,Dasi,Geffe,dgeffe52@statcounter.com,Female,248.19.244.119,Help Desk Technician
184,Kylen,Aymerich,kaymerich53@cbsnews.com,Female,180.92.159.48,Financial Advisor
185,Hobey,Koba,hkoba54@edublogs.org,Male,150.211.180.97,Environmental Tech
186,Rhea,Juszczyk,rjuszczyk55@behance.net,Female,207.128.50.158,Automation Specialist II
187,Urbano,Novis,unovis56@1688.com,Male,23.110.113.207,Human Resources Assistant IV
188,Wilhelm,Gotch,wgotch57@e-recht24.de,Male,202.25.111.129,Associate Professor
189,Shepherd,Melan,smelan58@nasa.gov,Male,74.80.139.149,Budget/Accounting Analyst IV
190,Homerus,Donner,hdonner59@cbc.ca,Male,129.23.105.230,Senior Developer
191,Emmey,Roome,eroome5a@chronoengine.com,Female,31.245.20.66,Mechanical Systems Engineer
192,Susanne,Bellefonte,sbellefonte5b@digg.com,Female,88.108.234.115,Design Engineer
193,Libbey,Breitler,lbreitler5c@ovh.net,Female,135.217.80.67,Clinical Specialist
194,Caleb,Giacobazzi,cgiacobazzi5d@chron.com,Male,13.5.190.78,Paralegal
195,Karl,Wetherick,kwetherick5e@geocities.jp,Male,169.230.59.14,Software Consultant
196,Dal,Doram,ddoram5f@dion.ne.jp,Male,99.38.140.144,Web Designer I
197,Mariquilla,Giorgetti,mgiorgetti5g@ftc.gov,Female,217.100.205.37,Pharmacist
198,Malinde,Apfler,mapfler5h@un.org,Female,27.252.119.70,Payment Adjustment Coordinator
199,Emmanuel,Cattermull,ecattermull5i@google.it,Male,69.234.100.194,Senior Editor
200,Stephanus,Cisar,scisar5j@paypal.com,Non-binary,164.192.21.211,Nurse Practicioner
